ID,Fecha,Real (kg),Predicho (kg),MAPE (%),RMSE,Modelo
1,2024-06-04 19:49:53,260.50420168067217,535.0631500000001,105.39520919354848,0.27455894831932787,1.0
2,2024-06-05 19:49:53,865.5462184873949,501.88259999999997,42.0155054368932,0.3636636184873949,1.0
3,2024-06-06 19:49:53,117.64705882352939,578.47375,391.7026875000001,0.4608266911764706,1.0
4,2024-06-07 19:49:53,848.7394957983194,560.0697,34.01158980198019,0.2886697957983193,1.0
5,2024-06-08 19:49:53,176.4705882352941,331.8759,88.06301000000002,0.1554053117647059,1.0
6,2024-06-09 19:49:53,731.0924369747898,487.70228,33.29129733333333,0.24339015697478988,1.0
7,2024-06-10 19:49:53,529.4117647058823,456.046,13.857977777777778,0.07336576470588235,1.0
8,2024-06-11 19:49:53,201.68067226890759,479.3839,137.69451708333327,0.27770322773109235,1.0
9,2024-06-12 19:49:53,563.0252100840337,481.71824000000004,14.441088716417925,0.0813069700840337,1.0
10,2024-06-13 19:49:53,739.4957983193276,535.49254,27.58680424999999,0.20400325831932764,1.0
11,2024-06-14 19:49:53,277.3109243697479,447.2565,61.28340454545453,0.1699455756302521,1.0
12,2024-06-15 19:49:53,126.05042016806719,502.31117,298.50019486666673,0.3762607498319328,1.0
13,2024-06-16 19:49:53,243.6974789915966,474.148,94.56417931034487,0.2304505210084034,1.0
14,2024-06-17 19:49:53,882.3529411764707,470.35092000000003,46.693562400000005,0.41200202117647067,1.0
15,2024-06-18 19:49:53,134.4537815126051,405.36866,201.4929408749999,0.27091487848739493,1.0
16,2024-06-19 19:49:53,42.0168067226891,453.729,979.8750199999994,0.4117121932773109,1.0
17,2024-06-20 19:49:53,613.4453781512605,466.6001,23.93779191780821,0.14684527815126042,1.0
18,2024-06-21 19:49:53,33.6134453781512,491.88036,1363.344071000003,0.4582669146218488,1.0
19,2024-06-22 19:49:53,974.7899159663864,583.73106,40.11724470689655,0.39105885596638645,1.0
20,2024-06-23 19:49:53,697.4789915966387,596.9423,14.414296746987956,0.1005366915966387,1.0
21,2024-06-24 19:49:53,285.7142857142857,471.31,64.95850000000002,0.1855957142857143,1.0
22,2024-06-25 19:49:53,621.8487394957982,597.3503,3.9396139189189037,0.02449843949579822,1.0
23,2024-06-26 19:49:53,352.9411764705882,506.94380000000007,43.634076666666694,0.15400262352941185,1.0
24,2024-06-27 19:49:53,655.4621848739496,527.0375,19.59299679487179,0.12842468487394954,1.0
25,2024-06-28 19:49:53,109.24369747899159,474.20707,334.0818563846154,0.3649633725210084,1.0
26,2024-06-29 19:49:53,25.210084033613402,482.616,1814.3768000000034,0.4574059159663866,1.0
27,2024-06-30 19:49:53,932.7731092436974,487.29157,47.75883168468468,0.4454815392436974,1.0
28,2024-07-01 19:49:53,966.3865546218487,427.8559,55.72621556521739,0.5385306546218487,1.0
29,2024-07-02 19:49:53,739.4957983193276,461.44214,37.60043788636363,0.27805365831932766,1.0
30,2024-07-03 19:49:53,117.64705882352939,534.90454,354.66885900000005,0.4172574811764706,1.0
31,2024-07-04 19:49:53,243.6974789915966,478.61337999999995,96.39652489655174,0.23491590100840337,1.0
32,2024-07-05 19:49:53,294.1176470588236,433.2248,47.296431999999974,0.13910715294117643,1.0
33,2024-07-06 19:49:53,495.798319327731,456.50032,7.9262066440677765,0.03929799932773098,1.0
34,2024-07-07 19:49:53,327.7310924369748,520.5885999999999,58.84626512820511,0.19285750756302517,1.0
35,2024-07-08 19:49:53,949.5798319327732,485.8691,48.833254070796464,0.4637107319327732,1.0
36,2024-07-09 19:49:53,58.823529411764696,453.86276,671.566692,0.39503923058823526,1.0
37,2024-07-10 19:49:53,218.48739495798318,448.12796,105.10472015384616,0.2296405650420168,1.0
38,2024-07-11 19:49:53,75.6302521008404,449.35355,494.1452494444439,0.3737232978991596,1.0
39,2024-07-12 19:49:53,848.7394957983194,508.11063999999993,40.13349885148516,0.34062885579831936,1.0
40,2024-07-13 19:49:53,159.6638655462184,516.7718,223.66233789473705,0.35710793445378164,1.0
41,2024-07-14 19:49:53,8.4033613445378,492.46398000000005,5760.3213620000115,0.48406061865546224,1.0
42,2024-07-15 19:49:53,243.6974789915966,494.89185000000003,103.07631086206901,0.2511943710084034,1.0
43,2024-07-16 19:49:53,378.1512605042018,469.8356,24.245414222222195,0.09168433949579824,1.0
44,2024-07-17 19:49:53,840.3361344537815,557.0891,33.706397100000004,0.2832470344537815,1.0
45,2024-07-18 19:49:53,201.68067226890759,405.91758,101.26746674999995,0.2042369077310924,1.0
46,2024-07-19 19:49:53,16.8067226890756,479.57516,2753.472202000006,0.46276843731092443,1.0
47,2024-07-20 19:49:53,957.983193277311,662.9781,30.794391315789476,0.29500509327731095,1.0
48,2024-07-21 19:49:53,823.529411764706,571.309,30.626764285714298,0.252220411764706,1.0
49,2024-07-22 19:49:53,932.7731092436974,551.0906,40.91911585585585,0.3816825092436974,1.0
50,2024-07-23 19:49:53,378.1512605042018,410.63806000000005,8.590953644444422,0.032486799495798246,1.0
51,2024-07-24 19:49:53,655.4621848739496,447.69937,31.6971473974359,0.2077628148739496,1.0
52,2024-07-25 19:49:53,319.3277310924369,333.04334,4.295151210526348,0.013715608907563126,1.0
53,2024-07-26 19:49:53,378.1512605042018,445.23612,17.74021839999997,0.06708485949579823,1.0
54,2024-07-27 19:49:53,67.22689075630251,493.92,634.7060000000002,0.4266931092436975,1.0
55,2024-07-28 19:49:53,974.7899159663864,490.25187,49.70692023275862,0.48453804596638644,1.0
56,2024-07-29 19:49:53,747.8991596638655,507.19820000000004,32.18361146067414,0.2407009596638654,1.0
57,2024-07-30 19:49:53,915.9663865546219,452.70655,50.576073899082566,0.46325983655462183,1.0
58,2024-07-31 19:49:53,151.2605042016807,539.8551,256.904205,0.38859459579831934,1.0
59,2024-08-01 19:49:53,781.5126050420168,481.76306,38.355049311827955,0.2997495450420168,1.0
60,2024-08-02 19:49:53,462.1848739495798,501.7789,8.566707454545467,0.03959402605042023,1.0
61,2024-08-03 19:49:53,369.74789915966375,632.4400999999999,71.04629977272731,0.2626922008403362,1.0
62,2024-08-04 19:49:53,974.7899159663864,513.273,47.3452698275862,0.46151691596638644,1.0
63,2024-08-05 19:49:53,218.48739495798318,560.17596,156.38822784615385,0.34168856504201683,1.0
64,2024-08-06 19:49:53,546.218487394958,548.86657,0.484802815384635,0.0026480826050421236,1.0
65,2024-08-07 19:49:53,613.4453781512605,430.60568,29.80537545205479,0.18283969815126044,1.0
66,2024-08-08 19:49:53,126.05042016806719,575.0667000000001,356.2195820000001,0.4490162798319328,1.0
67,2024-08-09 19:49:53,554.6218487394957,463.19807000000003,16.483984348484835,0.0914237787394957,1.0
68,2024-08-10 19:49:53,445.3781512605043,449.77054,0.9862155849056408,0.004392388739495712,1.0
69,2024-08-11 19:49:53,638.6554621848741,411.00487000000004,35.64529009210526,0.227650592184874,1.0
70,2024-08-12 19:49:53,243.6974789915966,432.03902,77.28497717241382,0.1883415410084034,1.0
71,2024-08-13 19:49:53,285.7142857142857,472.62225,65.41778750000002,0.18690796428571432,1.0
72,2024-08-14 19:49:53,806.7226890756301,496.288,38.48096666666666,0.31043468907563015,1.0
73,2024-08-15 19:49:53,201.68067226890759,474.56384,135.30457066666665,0.27288316773109245,1.0
74,2024-08-16 19:49:53,907.563025210084,477.50154,47.386404388888884,0.430061485210084,1.0
75,2024-08-17 19:49:53,210.0840336134454,469.0536,123.26951359999998,0.2589695663865546,1.0
76,2024-08-18 19:49:53,680.672268907563,450.82189999999997,33.76814061728394,0.22985036890756294,1.0
77,2024-08-19 19:49:53,100.84033613445371,480.41542999999996,376.4119680833337,0.3795750938655463,1.0
78,2024-08-20 19:49:53,907.563025210084,457.5724,49.58230037037037,0.44999062521008404,1.0
79,2024-08-21 19:49:53,260.50420168067217,500.83804,92.25718309677426,0.2403338383193278,1.0
80,2024-08-22 19:49:53,915.9663865546219,555.3247,39.37280798165138,0.3606416865546218,1.0
81,2024-08-23 19:49:53,655.4621848739496,598.1567,8.742759871794874,0.0573054848739496,1.0
82,2024-08-24 19:49:53,260.50420168067217,535.63666,105.61536303225813,0.2751324583193278,1.0
83,2024-08-25 19:49:53,882.3529411764707,497.03255,43.66964433333334,0.38532039117647066,1.0
84,2024-08-26 19:49:53,941.1764705882354,515.5287,45.22507562500001,0.42564777058823544,1.0
85,2024-08-27 19:49:53,529.4117647058823,527.084,0.4396888888888907,0.0023277647058823625,1.0
86,2024-08-28 19:49:53,798.3193277310924,574.75805,28.00399163157894,0.22356127773109236,1.0
87,2024-08-29 19:49:53,67.22689075630251,527.7781,685.0699237500003,0.4605512092436975,1.0
88,2024-08-30 19:49:53,579.8319327731093,459.3143,20.78492507246377,0.12051763277310928,1.0
89,2024-08-31 19:49:53,563.0252100840337,610.2841500000001,8.393752014925356,0.0472589399159663,1.0
90,2024-09-01 19:49:53,974.7899159663864,542.9244600000001,44.30343901724137,0.43186545596638637,1.0
91,2024-09-02 19:49:53,806.7226890756301,610.6904,24.29983583333333,0.1960322890756302,1.0
92,2024-09-03 19:49:53,268.9075630252101,474.9309,76.61492843750001,0.20602333697478992,1.0
93,2024-09-04 19:49:53,579.8319327731093,523.5703000000001,9.703093188405797,0.05626163277310925,1.0
94,2024-09-05 19:49:53,151.2605042016807,546.4089,261.2369949999999,0.3951483957983193,1.0
95,2024-09-06 19:49:53,546.218487394958,544.76464,0.2661659076922939,0.0014538473949579078,1.0
96,2024-09-07 19:49:53,882.3529411764707,523.1516,40.70948533333333,0.3592013411764706,1.0
97,2024-09-08 19:49:53,411.7647058823529,525.37316,27.590624571428577,0.11360845411764708,1.0
98,2024-09-09 19:49:53,907.563025210084,486.40296,46.40559977777778,0.42116006521008403,1.0
99,2024-09-10 19:49:53,882.3529411764707,458.97964,47.98230746666667,0.42337330117647065,1.0
100,2024-09-11 19:49:53,831.9327731092437,465.25618000000003,44.07526725252525,0.3666765931092437,1.0
101,2024-09-12 19:49:53,655.4621848739496,454.3447,30.68330858974359,0.2011174848739496,1.0
102,2024-09-13 19:49:53,142.85714285714292,514.7173,260.3021099999999,0.37186015714285714,1.0
103,2024-09-14 19:49:53,806.7226890756301,505.32849999999996,37.360321354166665,0.3013941890756302,1.0
104,2024-09-15 19:49:53,0.0,501.0291,0.0,0.5010291,1.0
105,2024-09-16 19:49:53,67.22689075630251,536.3694399999999,697.8495420000002,0.46914254924369747,1.0
106,2024-09-17 19:49:53,294.1176470588236,433.57617,47.41589779999996,0.1394585229411764,1.0
107,2024-09-18 19:49:53,478.99159663865544,531.01116,10.860224631578962,0.05201956336134461,1.0
108,2024-09-19 19:49:53,302.5210084033614,491.46903,62.457818249999974,0.1889480215966386,1.0
109,2024-09-20 19:49:53,302.5210084033614,438.47415,44.94006624999998,0.13595314159663863,1.0
110,2024-09-21 19:49:53,8.4033613445378,595.5237,6986.732030000013,0.5871203386554622,1.0
111,2024-09-22 19:49:53,319.3277310924369,468.3594,46.670443684210554,0.1490316689075631,1.0
112,2024-09-23 19:49:53,705.8823529411765,506.182,28.290883333333333,0.1997003529411765,1.0
113,2024-09-24 19:49:53,697.4789915966387,560.25946,19.673643686746992,0.1372195315966387,1.0
114,2024-09-25 19:49:53,857.1428571428571,435.7516,49.16231333333333,0.4213912571428571,1.0
115,2024-09-26 19:49:53,176.4705882352941,512.0137299999999,190.14111366666666,0.33554314176470584,1.0
116,2024-09-27 19:49:53,815.1260504201682,537.4463000000001,34.0658662886598,0.2776797504201681,1.0
117,2024-09-28 19:49:53,445.3781512605043,548.3764,23.12602188679243,0.1029982487394957,1.0
118,2024-09-29 19:49:53,436.9747899159665,430.62967000000003,1.4520562884615593,0.0063451199159664795,1.0
119,2024-09-30 19:49:53,100.84033613445371,492.84217,388.73515191666706,0.3920018338655463,1.0
120,2024-10-01 19:49:53,957.983193277311,520.8608,45.62944280701755,0.43712239327731095,1.0
121,2024-10-02 19:49:53,168.0672268907563,515.11765,206.49500175000003,0.3470504231092437,1.0
122,2024-10-03 19:49:53,504.201680672269,506.14935,0.38628774999999144,0.0019476693277310497,1.0
123,2024-10-04 19:49:53,100.84033613445371,515.67495,411.37765875000036,0.41483461386554626,1.0
124,2024-10-05 19:49:53,663.8655462184873,515.83654,22.298040177215185,0.14802900621848736,1.0
125,2024-10-06 19:49:53,991.596638655462,515.9062,47.9721713559322,0.475690438655462,1.0
126,2024-10-07 19:49:53,0.0,393.89274,0.0,0.39389274,1.0
127,2024-10-08 19:49:53,563.0252100840337,515.03295,8.52399843283583,0.04799226008403368,1.0
128,2024-10-09 19:49:53,403.36134453781506,517.23814,28.231955541666686,0.11387679546218493,1.0
129,2024-10-10 19:49:53,983.1932773109245,487.6263,50.40382076923077,0.4955669773109244,1.0
130,2024-10-11 19:49:53,840.3361344537815,511.6399,39.1148519,0.3286962344537815,1.0
131,2024-10-12 19:49:53,453.781512605042,378.49194,16.591590999999994,0.07528957260504199,1.0
132,2024-10-13 19:49:53,201.68067226890759,449.95138000000003,123.1008925833333,0.24827070773109242,1.0
133,2024-10-14 19:49:53,638.6554621848741,471.41212,26.186786473684222,0.16724334218487402,1.0
134,2024-10-15 19:49:53,949.5798319327732,506.59869999999995,46.65022539823009,0.4429811319327732,1.0
135,2024-10-16 19:49:53,478.99159663865544,490.11445,2.3221395614035125,0.011122853361344553,1.0
136,2024-10-17 19:49:53,907.563025210084,495.75039999999996,45.37565037037037,0.41181262521008405,1.0
137,2024-10-18 19:49:53,327.7310924369748,479.96578,46.451096974358975,0.15223468756302522,1.0
138,2024-10-19 19:49:53,932.7731092436974,487.4218,47.74487009009009,0.44535130924369737,1.0
139,2024-10-20 19:49:53,739.4957983193276,432.03616,41.576928363636355,0.30745963831932765,1.0
140,2024-10-21 19:49:53,890.7563025210085,452.5167,49.19859688679246,0.43823960252100846,1.0
141,2024-10-22 19:49:53,151.2605042016807,493.31623,226.13684094444443,0.34205572579831933,1.0
142,2024-10-23 19:49:53,605.0420168067227,402.18207,33.52824120833333,0.20285994680672265,1.0
143,2024-10-24 19:49:53,411.7647058823529,460.18547,11.75932842857143,0.048420764117647064,1.0
144,2024-10-25 19:49:53,781.5126050420168,543.9206399999999,30.401552516129037,0.23759196504201685,1.0
145,2024-10-26 19:49:53,747.8991596638655,622.4832,16.76910022471909,0.12541595966386543,1.0
146,2024-10-27 19:49:53,277.3109243697479,509.56273,83.75140869696968,0.23225180563025205,1.0
147,2024-10-28 19:49:53,100.84033613445371,528.587,424.18210833333376,0.42774666386554633,1.0
148,2024-10-29 19:49:53,1000.0,457.44025999999997,54.255973999999995,0.54255974,1.0
149,2024-10-30 19:49:53,563.0252100840337,490.40723,12.897820343283595,0.0726179800840337,1.0
150,2024-10-31 19:49:53,521.0084033613446,489.08937000000003,6.126395112903229,0.03191903336134455,1.0
151,2024-11-01 19:49:53,142.85714285714292,512.1016999999999,258.4711899999999,0.3692445571428571,1.0
152,2024-11-02 19:49:53,16.8067226890756,530.6429,3057.325255000006,0.5138361773109245,1.0
153,2024-11-03 19:49:53,756.3025210084035,501.0534,33.74960600000001,0.25524912100840347,1.0
154,2024-11-04 19:49:53,159.6638655462184,395.99143999999995,148.0156913684212,0.23632757445378158,1.0
155,2024-11-05 19:49:53,117.64705882352939,427.70126000000005,263.5460710000001,0.31005420117647065,1.0
156,2024-11-06 19:49:53,941.1764705882354,471.85758,49.865132125,0.4693188905882354,1.0
157,2024-11-07 19:49:53,831.9327731092437,556.9075300000001,33.05858982828283,0.2750252431092437,1.0
158,2024-11-08 19:49:53,672.2689075630252,463.39253,31.070361162499992,0.20887637756302513,1.0
159,2024-11-09 19:49:53,352.9411764705882,482.31202,36.65507233333335,0.1293708435294118,1.0
160,2024-11-10 19:49:53,134.4537815126051,603.4135,348.7887906249998,0.4689597184873949,1.0
161,2024-11-11 19:49:53,58.823529411764696,470.12672,699.2154240000001,0.4113031905882353,1.0
162,2024-11-12 19:49:53,521.0084033613446,443.06010000000003,14.961045322580649,0.07794830336134456,1.0
163,2024-11-13 19:49:53,571.4285714285716,554.5875,2.9471875000000116,0.016841071428571497,1.0
164,2024-11-14 19:49:53,411.7647058823529,457.47085999999996,11.100066,0.04570615411764706,1.0
165,2024-11-15 19:49:53,277.3109243697479,494.21157999999997,78.21569096969695,0.21690065563025207,1.0
166,2024-11-16 19:49:53,857.1428571428571,481.01956,43.881051333333325,0.3761232971428571,1.0
167,2024-11-17 19:49:53,756.3025210084035,496.25275,34.38435861111112,0.26004977100840343,1.0
168,2024-11-18 19:49:53,798.3193277310924,412.80714,48.29047404210526,0.38551218773109236,1.0
169,2024-11-19 19:49:53,537.8151260504202,456.45871999999997,15.12720675,0.08135640605042016,1.0
170,2024-11-20 19:49:53,184.87394957983187,452.56653,144.79735031818188,0.26769258042016814,1.0
171,2024-11-21 19:49:53,33.6134453781512,488.9739,1354.6973525000028,0.4553604546218488,1.0
172,2024-11-22 19:49:53,327.7310924369748,528.299,61.198925641025625,0.20056790756302517,1.0
173,2024-11-23 19:49:53,277.3109243697479,555.1859000000001,100.20340030303029,0.2778749756302521,1.0
174,2024-11-24 19:49:53,210.0840336134454,559.1332,166.14740319999996,0.3490491663865546,1.0
175,2024-11-25 19:49:53,285.7142857142857,580.7268,103.25438,0.2950125142857143,1.0
176,2024-11-26 19:49:53,974.7899159663864,524.6697700000001,46.17611842241378,0.4501201459663864,1.0
177,2024-11-27 19:49:53,546.218487394958,559.9661,2.5168706153846294,0.013747612605042092,1.0
178,2024-11-28 19:49:53,176.4705882352941,487.75727,176.39578633333338,0.3112866817647059,1.0
179,2024-11-29 19:49:53,75.6302521008404,575.5789,661.0432122222215,0.4999486478991596,1.0
180,2024-11-30 19:49:53,705.8823529411765,502.62620000000004,28.79462166666667,0.2032561529411765,1.0
181,2024-12-01 19:49:53,277.3109243697479,409.07687,47.515598575757565,0.13176594563025207,1.0
182,2024-12-02 19:49:53,369.74789915966375,533.8019,44.369150227272776,0.16405400084033628,1.0
183,2024-12-03 19:49:53,915.9663865546219,495.17497,45.93961336697247,0.4207914165546218,1.0
184,2024-12-04 19:49:53,504.201680672269,493.373,2.1476883333333507,0.010828680672268998,1.0
185,2024-12-05 19:49:53,470.58823529411757,509.60046000000006,8.29009775000002,0.03901222470588245,1.0
186,2024-12-06 19:49:53,436.9747899159665,544.1506,24.5267719230769,0.10717581008403354,1.0
187,2024-12-07 19:49:53,75.6302521008404,506.59560000000005,569.8319599999995,0.43096534789915963,1.0
188,2024-12-08 19:49:53,33.6134453781512,328.36166,876.8759385000019,0.2947482146218488,1.0
189,2024-12-09 19:49:53,621.8487394957982,516.3507000000001,16.96522527027025,0.10549803949579817,1.0
190,2024-12-10 19:49:53,327.7310924369748,452.00515,37.919520128205136,0.12427405756302523,1.0
191,2024-12-11 19:49:53,159.6638655462184,481.42040000000003,201.521197894737,0.3217565344537816,1.0
192,2024-12-12 19:49:53,966.3865546218487,462.73553,52.11693211304348,0.5036510246218487,1.0
193,2024-12-13 19:49:53,705.8823529411765,482.9325,31.584562500000008,0.22294985294117653,1.0
194,2024-12-14 19:49:53,84.03361344537811,412.70494,391.11887860000036,0.32867132655462195,1.0
195,2024-12-15 19:49:53,184.87394957983187,475.80186000000003,157.36555154545462,0.29092791042016813,1.0
196,2024-12-16 19:49:53,134.4537815126051,470.83851999999996,250.1861492499999,0.3363847384873949,1.0
197,2024-12-17 19:49:53,840.3361344537815,440.15905,47.62107305,0.40017708445378153,1.0
198,2024-12-18 19:49:53,924.3697478991596,464.5891,49.739906454545455,0.4597806478991596,1.0
199,2024-12-19 19:49:53,873.9495798319326,565.6106,35.281094807692305,0.3083389798319327,1.0
200,2024-12-20 19:49:53,731.0924369747898,462.74585,36.70487798850574,0.26834658697478986,1.0
201,2024-12-21 19:49:53,436.9747899159665,453.87578,3.8677265769230513,0.016900990084033507,1.0
202,2024-12-22 19:49:53,252.10084033613438,561.4092400000001,122.69233186666672,0.30930839966386564,1.0
203,2024-12-23 19:49:53,747.8991596638655,495.7876,33.709298426966285,0.25211155966386545,1.0
204,2024-12-24 19:49:53,243.6974789915966,501.54567000000003,105.80667148275866,0.25784819100840345,1.0
205,2024-12-25 19:49:53,974.7899159663864,439.43379999999996,54.92015327586206,0.5353561159663864,1.0
206,2024-12-26 19:49:53,983.1932773109245,476.69855,51.515275683760684,0.5064947273109244,1.0
207,2024-12-27 19:49:53,689.075630252101,516.0891399999999,25.10413700000002,0.172986490252101,1.0
208,2024-12-28 19:49:53,33.6134453781512,636.59847,1793.8804482500038,0.6029850246218489,1.0
209,2024-12-29 19:49:53,344.5378151260504,529.1232,53.574782439024396,0.1845853848739496,1.0
210,2024-12-30 19:49:53,126.05042016806719,471.64974,274.1754604000001,0.3455993198319328,1.0
211,2024-12-31 19:49:53,764.7058823529412,519.91016,32.011748307692315,0.24479572235294123,1.0
212,2025-01-01 19:49:53,277.3109243697479,468.81792,69.05858327272726,0.19150699563025209,1.0
213,2025-01-02 19:49:53,159.6638655462184,563.2665,252.78270263157916,0.40360263445378164,1.0
214,2025-01-03 19:49:53,957.983193277311,535.03996,44.149337508771936,0.422943233277311,1.0
215,2025-01-04 19:49:53,243.6974789915966,531.7191,118.18818241379314,0.2880216210084034,1.0
216,2025-01-05 19:49:53,428.5714285714285,550.9380699999999,28.552216333333348,0.12236664142857145,1.0
217,2025-01-06 19:49:53,773.109243697479,458.03124,40.754654826086956,0.315078003697479,1.0
218,2025-01-07 19:49:53,899.1596638655462,468.20104000000003,47.92904321495327,0.43095862386554623,1.0
219,2025-01-08 19:49:53,75.6302521008404,514.6053,580.4225633333327,0.43897504789915964,1.0
220,2025-01-09 19:49:53,159.6638655462184,552.0165000000001,245.73665000000022,0.39235263445378166,1.0
221,2025-01-10 19:49:53,865.5462184873949,553.75606,36.02235811650485,0.3117901584873949,1.0
222,2025-01-11 19:49:53,0.0,549.0237999999999,0.0,0.5490238,1.0
223,2025-01-12 19:49:53,941.1764705882354,461.6342,50.95136625000001,0.4795422705882354,1.0
224,2025-01-13 19:49:53,184.87394957983187,419.09619999999995,126.6929445454546,0.2342222504201681,1.0
225,2025-01-14 19:49:53,327.7310924369748,513.337,56.63359743589746,0.18560590756302525,1.0
226,2025-01-15 19:49:53,168.0672268907563,551.18954,227.95777630000003,0.3831223131092437,1.0
227,2025-01-16 19:49:53,327.7310924369748,514.42915,56.96684320512821,0.1866980575630252,1.0
228,2025-01-17 19:49:53,630.2521008403362,521.19553,17.303642573333352,0.10905657084033626,1.0
229,2025-01-18 19:49:53,75.6302521008404,446.93923,490.95298188888836,0.3713089778991596,1.0
230,2025-01-19 19:49:53,168.0672268907563,468.95427,179.02779065000004,0.30088704310924375,1.0
231,2025-01-20 19:49:53,907.563025210084,446.31237,50.82298886111111,0.461250655210084,1.0
232,2025-01-21 19:49:53,621.8487394957982,511.77039999999994,17.70178702702702,0.11007833949579826,1.0
233,2025-01-22 19:49:53,420.1680672268907,517.8671,23.252369800000018,0.09769903277310932,1.0
234,2025-01-23 19:49:53,781.5126050420168,499.78574999999995,36.048920161290326,0.28172685504201683,1.0
235,2025-01-24 19:49:53,764.7058823529412,550.41426,28.022750615384616,0.2142916223529412,1.0
236,2025-01-25 19:49:53,588.2352941176471,441.99854,24.860248200000004,0.14623675411764708,1.0
237,2025-01-26 19:49:53,865.5462184873949,538.6621,37.766223398058244,0.32688411848739485,1.0
238,2025-01-27 19:49:53,142.85714285714292,543.8041999999999,280.6629399999998,0.40094705714285706,1.0
239,2025-01-28 19:49:53,680.672268907563,494.4232,27.36251753086419,0.18624906890756293,1.0
240,2025-01-29 19:49:53,579.8319327731093,506.05524,12.723806434782613,0.07377669277310928,1.0
241,2025-01-30 19:49:53,529.4117647058823,482.8954,8.78642444444445,0.046516364705882385,1.0
242,2025-01-31 19:49:53,722.6890756302521,484.70226,32.93073379069767,0.2379868156302521,1.0
243,2025-02-01 19:49:53,252.10084033613438,454.57914,80.31639220000004,0.2024782996638656,1.0
244,2025-02-02 19:49:53,991.596638655462,544.3348,45.10521932203388,0.447261838655462,1.0
245,2025-02-03 19:49:53,394.9579831932773,591.8292,49.8461165957447,0.19687121680672276,1.0
246,2025-02-04 19:49:53,537.8151260504202,488.03598,9.255809968749999,0.049779146050420164,1.0
247,2025-02-05 19:49:53,84.03361344537811,479.26133999999996,470.3209946000003,0.3952277265546219,1.0
248,2025-02-06 19:49:53,243.6974789915966,360.68687,48.00599148275864,0.11698939100840339,1.0
249,2025-02-07 19:49:53,714.2857142857143,502.21720000000005,29.689591999999998,0.21206851428571427,1.0
250,2025-02-08 19:49:53,462.1848739495798,425.32133999999996,7.97592825454545,0.03686353394957981,1.0
251,2025-02-09 19:49:53,319.3277310924369,483.46195,51.39992644736845,0.16413421890756308,1.0
252,2025-02-10 19:49:53,218.48739495798318,401.2432,83.64592615384616,0.18275580504201683,1.0
253,2025-02-11 19:49:53,67.22689075630251,470.2945,599.5630687500002,0.4030676092436975,1.0
254,2025-02-12 19:49:53,966.3865546218487,499.30503999999996,48.332782817391305,0.46708151462184877,1.0
255,2025-02-13 19:49:53,327.7310924369748,454.98496,38.8287442051282,0.1272538675630252,1.0
256,2025-02-14 19:49:53,504.201680672269,509.48780000000005,1.0484136666666566,0.0052861193277310425,1.0
257,2025-02-15 19:49:53,798.3193277310924,428.07883000000004,46.37749392631578,0.37024049773109236,1.0
258,2025-02-16 19:49:53,563.0252100840337,442.51597,21.4038799552239,0.12050924008403374,1.0
259,2025-02-17 19:49:53,579.8319327731093,419.9989,27.56540710144928,0.15983303277310928,1.0
260,2025-02-18 19:49:53,168.0672268907563,555.62294,230.59564930000005,0.38755571310924375,1.0
261,2025-02-19 19:49:53,546.218487394958,504.93940000000003,7.5572483076922925,0.04127908739495789,1.0
262,2025-02-20 19:49:53,630.2521008403362,447.6666,28.970232800000005,0.1825855008403362,1.0
263,2025-02-21 19:49:53,445.3781512605043,468.65907,5.227225150943379,0.023280918739495726,1.0
264,2025-02-22 19:49:53,697.4789915966387,515.7270000000001,26.058418072289157,0.18175199159663868,1.0
265,2025-02-23 19:49:53,974.7899159663864,542.55027,44.34182574999999,0.4322396459663864,1.0
266,2025-02-24 19:49:53,932.7731092436974,495.42168,46.8872252972973,0.4373514292436974,1.0
267,2025-02-25 19:49:53,789.9159663865546,422.32668,46.535239446808504,0.3675892863865546,1.0
268,2025-02-26 19:49:53,957.983193277311,472.97332,50.62822361403509,0.485009873277311,1.0
269,2025-02-27 19:49:53,873.9495798319326,591.19236,32.35395111538461,0.2827572198319327,1.0
270,2025-02-28 19:49:53,537.8151260504202,455.28287,15.345841359374996,0.08253225605042014,1.0
271,2025-03-01 19:49:53,25.210084033613402,537.48554,2032.0259753333376,0.5122754559663867,1.0
272,2025-03-02 19:49:53,974.7899159663864,456.82993999999997,53.135549258620685,0.5179599759663864,1.0
273,2025-03-03 19:49:53,630.2521008403362,569.57734,9.62706205333334,0.060674760840336184,1.0
274,2025-03-04 19:49:53,151.2605042016807,517.1786999999999,241.91258499999995,0.3659181957983193,1.0
275,2025-03-05 19:49:53,605.0420168067227,478.24539999999996,20.956663055555552,0.12679661680672266,1.0
276,2025-03-06 19:49:53,193.2773109243697,526.13103,172.2156198695653,0.3328537190756303,1.0
277,2025-03-07 19:49:53,134.4537815126051,549.7614,308.8850412499998,0.41530761848739484,1.0
278,2025-03-08 19:49:53,941.1764705882354,540.0182,42.62306625000001,0.4011582705882354,1.0
279,2025-03-09 19:49:53,865.5462184873949,529.2264,38.85636737864077,0.3363198184873949,1.0
280,2025-03-10 19:49:53,806.7226890756301,426.11086,47.18000797916666,0.3806118290756302,1.0
281,2025-03-11 19:49:53,974.7899159663864,495.44536999999997,49.174138767241374,0.4793445459663864,1.0
282,2025-03-12 19:49:53,798.3193277310924,428.16191999999995,46.36708581052631,0.3701574077310924,1.0
283,2025-03-13 19:49:53,8.4033613445378,423.53606,4940.079114000009,0.4151326986554622,1.0
284,2025-03-14 19:49:53,33.6134453781512,389.40132,1058.4689270000022,0.3557878746218488,1.0
285,2025-03-15 19:49:53,117.64705882352939,559.0667000000001,375.2066950000001,0.44141964117647065,1.0
286,2025-03-16 19:49:53,327.7310924369748,463.62814000000003,41.46602220512821,0.13589704756302523,1.0
287,2025-03-17 19:49:53,310.9243697478991,500.33680000000004,60.91913297297301,0.18941243025210092,1.0
288,2025-03-18 19:49:53,697.4789915966387,456.71958,34.518518048192774,0.24075941159663872,1.0
289,2025-03-19 19:49:53,218.48739495798318,520.1881000000001,138.08609192307694,0.30170070504201685,1.0
290,2025-03-20 19:49:53,680.672268907563,429.9649,36.83231716049382,0.25070736890756296,1.0
291,2025-03-21 19:49:53,613.4453781512605,476.02266,22.401785561643827,0.13742271815126045,1.0
292,2025-03-22 19:49:53,579.8319327731093,475.73382,17.953152782608708,0.10409811277310932,1.0
293,2025-03-23 19:49:53,302.5210084033614,397.07140000000004,31.25415722222221,0.09455039159663864,1.0
294,2025-03-24 19:49:53,806.7226890756301,489.27733,39.349997635416656,0.31744535907563015,1.0
295,2025-03-25 19:49:53,126.05042016806719,497.07285,294.3444610000001,0.3710224298319328,1.0
296,2025-03-26 19:49:53,983.1932773109245,514.0254,47.71878410256411,0.46916787731092446,1.0
297,2025-03-27 19:49:53,915.9663865546219,535.7573,41.50906541284404,0.3802090865546218,1.0
298,2025-03-28 19:49:53,739.4957983193276,411.831,44.30921704545454,0.32766479831932765,1.0
299,2025-03-29 19:49:53,932.7731092436974,477.41943999999995,48.81719517117117,0.4553536692436974,1.0
300,2025-03-30 19:49:53,571.4285714285716,536.62604,6.0904430000000085,0.03480253142857148,1.0
301,2025-03-31 19:49:53,369.74789915966375,626.2672500000001,69.37682443181824,0.2565193508403363,1.0
302,2025-04-01 19:49:53,42.0168067226891,597.9095,1323.024609999999,0.5558926932773108,1.0
303,2025-04-02 19:49:53,537.8151260504202,476.28424,11.44089912499999,0.06153088605042012,1.0
304,2025-04-03 19:49:53,252.10084033613438,453.80378,80.00883273333338,0.2017029396638656,1.0
305,2025-04-04 19:49:53,983.1932773109245,501.45775000000003,48.99703226495726,0.4817355273109244,1.0
306,2025-04-05 19:49:53,134.4537815126051,511.5297,280.45021437499986,0.37707591848739486,1.0
307,2025-04-06 19:49:53,722.6890756302521,484.88745,32.905108662790695,0.2378016256302521,1.0
308,2025-04-07 19:49:53,67.22689075630251,585.7178600000001,771.2553167500002,0.5184909692436975,1.0
309,2025-04-08 19:49:53,268.9075630252101,479.6012,78.35169625000002,0.21069363697478993,1.0
310,2025-04-09 19:49:53,67.22689075630251,551.8458499999999,720.8707018750002,0.48461895924369747,1.0
311,2025-04-10 19:49:53,428.5714285714285,418.99392,2.234751999999977,0.009577508571428472,1.0
312,2025-04-11 19:49:53,840.3361344537815,477.8814,43.1321134,0.3624547344537815,1.0
313,2025-04-12 19:49:53,781.5126050420168,551.26077,29.462331580645166,0.23025183504201685,1.0
314,2025-04-13 19:49:53,218.48739495798318,414.84484,89.87129215384616,0.1963574450420168,1.0
315,2025-04-14 19:49:53,176.4705882352941,450.88717,155.50272966666668,0.2744165817647059,1.0
316,2025-04-15 19:49:53,42.0168067226891,346.32298000000003,724.2486923999995,0.3043061732773109,1.0
317,2025-04-16 19:49:53,151.2605042016807,563.2854699999999,272.3942829444444,0.41202496579831926,1.0
318,2025-04-17 19:49:53,394.9579831932773,552.42306,39.86881731914893,0.15746507680672267,1.0
319,2025-04-18 19:49:53,630.2521008403362,527.68224,16.27441792000002,0.10256986084033626,1.0
320,2025-04-19 19:49:53,310.9243697478991,426.89117999999996,37.29743356756758,0.11596681025210087,1.0
321,2025-04-20 19:49:53,663.8655462184873,562.18576,15.3163222278481,0.10167978621848739,1.0
322,2025-04-21 19:49:53,294.1176470588236,515.11306,75.13844039999996,0.22099541294117642,1.0
323,2025-04-22 19:49:53,907.563025210084,470.0179,48.21099064814815,0.43754512521008404,1.0
324,2025-04-23 19:49:53,268.9075630252101,549.7220000000001,104.42786875000003,0.28081443697478997,1.0
325,2025-04-24 19:49:53,571.4285714285716,602.7968000000001,5.489439999999989,0.031368228571428514,1.0
326,2025-04-25 19:49:53,428.5714285714285,591.2736699999999,37.963856333333354,0.16270224142857148,1.0
327,2025-04-26 19:49:53,226.89075630252088,456.05962999999997,101.00405914814826,0.2291688736974791,1.0
328,2025-04-27 19:49:53,974.7899159663864,518.72116,46.78636375862068,0.4560687559663864,1.0
329,2025-04-28 19:49:53,949.5798319327732,573.11857,39.64503554867257,0.3764612619327732,1.0
330,2025-04-29 19:49:53,75.6302521008404,486.58663,543.3756552222217,0.4109563778991596,1.0
331,2025-04-30 19:49:53,142.85714285714292,411.57129999999995,188.09990999999988,0.26871415714285707,1.0
332,2025-05-01 19:49:53,453.781512605042,542.8573,19.629664259259258,0.08907578739495797,1.0
333,2025-05-02 19:49:53,151.2605042016807,532.9715,252.35338055555556,0.38171099579831935,1.0
334,2025-05-03 19:49:53,512.6050420168068,561.7955300000001,9.59617716393442,0.049190487983193254,1.0
335,2025-05-04 19:49:53,445.3781512605043,552.17946,23.979916490566005,0.10680130873949567,1.0
336,2025-05-05 19:49:53,495.798319327731,532.78005,7.459027033898316,0.03698173067226895,1.0
337,2025-05-06 19:49:53,815.1260504201682,474.70468,41.76303410309279,0.3404213704201682,1.0
338,2025-05-07 19:49:53,193.2773109243697,531.12,174.79686956521746,0.3378426890756303,1.0
339,2025-05-08 19:49:53,571.4285714285716,483.06185,15.464176250000008,0.08836672142857149,1.0
340,2025-05-09 19:49:53,336.1344537815126,463.61032,37.92407020000002,0.12747586621848744,1.0
341,2025-05-10 19:49:53,630.2521008403362,428.71320000000003,31.977505600000004,0.2015389008403362,1.0
342,2025-05-11 19:49:53,428.5714285714285,617.4667000000001,44.07556333333337,0.18889527142857154,1.0
343,2025-05-12 19:49:53,277.3109243697479,592.73666,113.74443193939395,0.3154257356302521,1.0
344,2025-05-13 19:49:53,890.7563025210085,513.1435399999999,42.39237616981133,0.3776127625210085,1.0
345,2025-05-14 19:49:53,277.3109243697479,514.57554,85.55905836363638,0.23726461563025214,1.0
346,2025-05-15 19:49:53,310.9243697478991,486.84597,56.580190351351376,0.1759216002521009,1.0
347,2025-05-16 19:49:53,235.29411764705878,466.98400000000004,98.46820000000002,0.23168988235294122,1.0
348,2025-05-17 19:49:53,932.7731092436974,502.56555999999995,46.121349873873875,0.4302075492436974,1.0
349,2025-05-18 19:49:53,680.672268907563,518.0989000000001,23.88423567901233,0.1625733689075629,1.0
350,2025-05-19 19:49:53,336.1344537815126,494.67286,47.165175850000004,0.15853840621848742,1.0
351,2025-05-20 19:49:53,285.7142857142857,472.10115,65.23540250000002,0.18638686428571433,1.0
352,2025-05-21 19:49:53,369.74789915966375,499.61418000000003,35.122925954545494,0.12986628084033625,1.0
353,2025-05-22 19:49:53,848.7394957983194,550.2977999999999,35.16293247524753,0.29844169579831936,1.0
354,2025-05-23 19:49:53,789.9159663865546,455.8064,42.29684936170213,0.3341095663865546,1.0
355,2025-05-24 19:49:53,352.9411764705882,542.49495,53.70690250000002,0.18955377352941183,1.0
356,2025-05-25 19:49:53,453.781512605042,524.7389999999999,15.636927777777768,0.07095748739495794,1.0
357,2025-05-26 19:49:53,907.563025210084,495.3231,45.422732499999995,0.412239925210084,1.0
358,2025-05-27 19:49:53,512.6050420168068,468.72237,8.560717983606569,0.04388267201680679,1.0
359,2025-05-28 19:49:53,806.7226890756301,480.87958,40.390968729166666,0.3258431090756302,1.0
360,2025-05-29 19:49:53,310.9243697478991,512.51495,64.83588932432436,0.20159058025210091,1.0
361,2025-05-30 19:49:53,857.1428571428571,462.16436999999996,46.080823499999994,0.3949784871428571,1.0
362,2025-05-31 19:49:53,621.8487394957982,314.64973000000003,49.400921797297286,0.3071990094957982,1.0
363,2025-06-01 19:49:53,932.7731092436974,448.47924,51.91979318918919,0.4842938692436974,1.0
364,2025-06-02 19:49:53,789.9159663865546,421.98256000000003,46.57880357446808,0.3679334063865546,1.0
365,2025-06-03 19:49:53,638.6554621848741,467.38806,26.81686955263159,0.17126740218487402,1.0
366,2025-06-04 19:49:53,84.03361344537811,378.56212,350.4889228000003,0.2945285065546219,1.0
367,2025-06-05 19:49:53,848.7394957983194,525.2892999999999,38.10947851485149,0.32345019579831935,1.0
368,2025-06-06 19:49:53,33.6134453781512,397.87936,1083.6910960000023,0.3642659146218488,1.0
369,2025-06-07 19:49:53,361.344537815126,486.17983,34.54744132558141,0.12483529218487399,1.0
370,2025-06-08 19:49:53,58.823529411764696,494.79756000000003,741.1558520000002,0.4359740305882353,1.0
371,2025-06-09 19:49:53,655.4621848739496,482.92005,26.323735961538464,0.1725421348739496,1.0
372,2025-06-10 19:49:53,546.218487394958,489.81282,10.326576030769226,0.05640566739495795,1.0
373,2025-06-11 19:49:53,327.7310924369748,443.96308,35.465657743589745,0.11623198756302522,1.0
374,2025-06-12 19:49:53,613.4453781512605,512.7568,16.413617534246562,0.10068857815126042,1.0
375,2025-06-13 19:49:53,159.6638655462184,532.80056,233.70140336842127,0.3731366944537816,1.0
376,2025-06-14 19:49:53,142.85714285714292,460.23452,222.1641639999999,0.3173773771428571,1.0
377,2025-06-15 19:49:53,436.9747899159665,467.72745,7.0376279807692015,0.03075266008403349,1.0
378,2025-06-16 19:49:53,453.781512605042,539.8726,18.971924814814823,0.08609108739495802,1.0
379,2025-06-17 19:49:53,302.5210084033614,457.83284000000003,51.339188777777764,0.15531183159663864,1.0
380,2025-06-18 19:49:53,663.8655462184873,441.53932000000003,33.48964673417721,0.22232622621848736,1.0
381,2025-06-19 19:49:53,873.9495798319326,476.97654,45.422876673076914,0.39697303983193266,1.0
382,2025-06-20 19:49:53,546.218487394958,557.84714,2.128937938461552,0.011628652605042089,1.0
383,2025-06-21 19:49:53,554.6218487394957,554.7231400000001,0.01826312121213681,0.00010129126050428816,1.0
384,2025-06-22 19:49:53,310.9243697478991,486.13548000000003,56.35168140540543,0.1752111102521009,1.0
385,2025-06-23 19:49:53,50.420168067226896,536.4119400000001,963.8836809999999,0.48599177193277315,1.0
386,2025-06-24 19:49:53,714.2857142857143,471.36240000000004,34.009264,0.2429233142857143,1.0
387,2025-06-25 19:49:53,537.8151260504202,467.39092,13.094500812499998,0.07042420605042016,1.0
388,2025-06-26 19:49:53,361.344537815126,498.49054,37.95435874418607,0.137146002184874,1.0
389,2025-06-27 19:49:53,361.344537815126,512.5228,41.837705116279075,0.15117826218487396,1.0
390,2025-06-28 19:49:53,1000.0,532.23234,46.776766,0.46776766000000003,1.0
391,2025-06-29 19:49:53,571.4285714285716,530.5753,7.149322500000017,0.040853271428571536,1.0
392,2025-06-30 19:49:53,210.0840336134454,527.7946,151.23022959999997,0.3177105663865546,1.0
393,2025-07-01 19:49:53,134.4537815126051,497.05786,269.6867833749999,0.36260407848739495,1.0
394,2025-07-02 19:49:53,109.24369747899159,541.5708,395.74557846153846,0.4323271025210084,1.0
395,2025-07-03 19:49:53,352.9411764705882,512.5754000000001,45.22969666666668,0.1596342235294118,1.0
396,2025-07-04 19:49:53,75.6302521008404,466.50323,516.8209374444439,0.3908729778991596,1.0
397,2025-07-05 19:49:53,100.84033613445371,472.93454,368.99341883333375,0.3720942038655463,1.0
398,2025-07-06 19:49:53,285.7142857142857,448.99148,57.147018,0.1632771942857143,1.0
399,2025-07-07 19:49:53,789.9159663865546,479.68662,39.27371512765957,0.3102293463865546,1.0
400,2025-07-08 19:49:53,42.0168067226891,452.80266,977.6703307999994,0.41078585327731093,1.0
401,2025-07-09 19:49:53,361.344537815126,488.5584,35.20569674418607,0.12721386218487402,1.0
402,2025-07-10 19:49:53,563.0252100840337,417.1381,25.91129268656718,0.1458871100840337,1.0
403,2025-07-11 19:49:53,201.68067226890759,529.2482,162.4188991666666,0.3275675277310923,1.0
404,2025-07-12 19:49:53,126.05042016806719,579.4586499999999,359.7038623333334,0.45340822983193274,1.0
405,2025-07-13 19:49:53,67.22689075630251,509.5269,657.9212637500002,0.4423000092436975,1.0
406,2025-07-14 19:49:53,344.5378151260504,465.11522,34.99685653658536,0.12057740487394958,1.0
407,2025-07-15 19:49:53,100.84033613445371,580.9945,476.1528791666671,0.48015416386554627,1.0
408,2025-07-16 19:49:53,941.1764705882354,471.99115,49.8509403125,0.46918532058823537,1.0
409,2025-07-17 19:49:53,142.85714285714292,545.892,282.1243999999999,0.40303485714285714,1.0
410,2025-07-18 19:49:53,529.4117647058823,550.9707999999999,4.072262222222218,0.021559035294117623,1.0
411,2025-07-19 19:49:53,722.6890756302521,403.47618,44.17015648837209,0.31921289563025207,1.0
412,2025-07-20 19:49:53,630.2521008403362,399.72207,36.577431560000015,0.23053003084033624,1.0
413,2025-07-21 19:49:53,647.0588235294118,500.23662999999993,22.690702636363646,0.14682219352941184,1.0
414,2025-07-22 19:49:53,92.43697478991591,480.20425,419.49368863636397,0.3877672752100841,1.0
415,2025-07-23 19:49:53,957.983193277311,472.55935999999997,50.67143522807018,0.485423833277311,1.0
416,2025-07-24 19:49:53,848.7394957983194,422.52144000000004,50.217770930693064,0.4262180557983193,1.0
417,2025-07-25 19:49:53,436.9747899159665,563.3604,28.922860769230734,0.12638561008403348,1.0
418,2025-07-26 19:49:53,168.0672268907563,465.94718,177.23857210000006,0.29787995310924376,1.0
419,2025-07-27 19:49:53,848.7394957983194,433.55146,48.91819431683168,0.4151880357983193,1.0
420,2025-07-28 19:49:53,773.109243697479,489.58114,36.67374384782608,0.283528103697479,1.0
421,2025-07-29 19:49:53,201.68067226890759,539.4956,167.4999016666666,0.33781492773109234,1.0
422,2025-07-30 19:49:53,554.6218487394957,337.93345000000005,39.06957492424241,0.2166883987394957,1.0
423,2025-07-31 19:49:53,731.0924369747898,418.43596,42.76565604597701,0.3126564769747899,1.0
424,2025-08-01 19:49:53,529.4117647058823,544.52986,2.855640222222227,0.015118095294117673,1.0
425,2025-08-02 19:49:53,974.7899159663864,501.06700000000006,48.597437068965505,0.4737229159663864,1.0
426,2025-08-03 19:49:53,8.4033613445378,605.2968,7103.031920000014,0.5968934386554622,1.0
427,2025-08-04 19:49:53,714.2857142857143,414.35653,41.990085799999996,0.2999291842857143,1.0
428,2025-08-05 19:49:53,899.1596638655462,497.134,44.71126542056075,0.4020256638655462,1.0
429,2025-08-06 19:49:53,117.64705882352939,480.97482,308.82859700000006,0.36332776117647064,1.0
430,2025-08-07 19:49:53,764.7058823529412,481.54062,37.02930353846155,0.28316526235294126,1.0
431,2025-08-08 19:49:53,983.1932773109245,646.96497,34.19757997435898,0.33622830731092446,1.0
432,2025-08-09 19:49:53,445.3781512605043,470.23125999999996,5.580226301886769,0.0248531087394957,1.0
433,2025-08-10 19:49:53,588.2352941176471,501.1147,14.810500999999999,0.08712059411764705,1.0
434,2025-08-11 19:49:53,176.4705882352941,449.48447000000004,154.70786633333339,0.2730138817647059,1.0
435,2025-08-12 19:49:53,142.85714285714292,499.87966,249.9157619999999,0.3570225171428571,1.0
436,2025-08-13 19:49:53,445.3781512605043,563.9033,26.612250377358464,0.11852514873949571,1.0
437,2025-08-14 19:49:53,226.89075630252088,499.0773,119.96369888888898,0.2721865436974791,1.0
438,2025-08-15 19:49:53,168.0672268907563,290.186,72.66067000000001,0.12211877310924371,1.0
439,2025-08-16 19:49:53,67.22689075630251,498.25462999999996,641.1537621250002,0.43102773924369747,1.0
440,2025-08-17 19:49:53,109.24369747899159,531.0063,386.0749976923077,0.42176260252100845,1.0
441,2025-08-18 19:49:53,42.0168067226891,622.5422000000001,1381.650435999999,0.5805253932773109,1.0
442,2025-08-19 19:49:53,33.6134453781512,470.96090000000004,1301.1086775000028,0.4373474546218488,1.0
443,2025-08-20 19:49:53,907.563025210084,456.73314,49.67477438888889,0.45082988521008405,1.0
444,2025-08-21 19:49:53,218.48739495798318,478.82465,119.15435903846155,0.2603372550420168,1.0
445,2025-08-22 19:49:53,957.983193277311,504.3389,47.35409728070175,0.45364429327731093,1.0
446,2025-08-23 19:49:53,403.36134453781506,548.72215,36.037366354166686,0.14536080546218494,1.0
447,2025-08-24 19:49:53,462.1848739495798,460.66058,0.3298017818181779,0.0015242939495798136,1.0
448,2025-08-25 19:49:53,378.1512605042018,499.76739999999995,32.1607124444444,0.12161613949579819,1.0
449,2025-08-26 19:49:53,8.4033613445378,518.04334,6064.715746000012,0.5096399786554622,1.0
450,2025-08-27 19:49:53,159.6638655462184,419.81933,162.93947510526328,0.26015546445378157,1.0
451,2025-08-28 19:49:53,420.1680672268907,468.32755,11.46195690000001,0.048159482773109275,1.0
452,2025-08-29 19:49:53,226.89075630252088,456.92706,101.38637088888898,0.2300363036974791,1.0
453,2025-08-30 19:49:53,487.3949579831932,540.79926,10.957089551724154,0.05340430201680679,1.0
454,2025-08-31 19:49:53,798.3193277310924,519.2306,34.95953536842105,0.2790887277310924,1.0
455,2025-09-01 19:49:53,92.43697478991591,458.81172999999995,396.3508715454549,0.36637475521008406,1.0
456,2025-09-02 19:49:53,966.3865546218487,443.3684,54.12100904347826,0.5230181546218488,1.0
457,2025-09-03 19:49:53,680.672268907563,499.123,26.672053086419744,0.18154926890756296,1.0
458,2025-09-04 19:49:53,226.89075630252088,571.6844,151.96460592592604,0.3447936436974791,1.0
459,2025-09-05 19:49:53,411.7647058823529,473.04323,14.881927285714285,0.06127852411764706,1.0
460,2025-09-06 19:49:53,495.798319327731,490.46355,1.0759958474576028,0.0053347693277309705,1.0
461,2025-09-07 19:49:53,529.4117647058823,509.87570000000005,3.6901455555555485,0.019536064705882317,1.0
462,2025-09-08 19:49:53,815.1260504201682,459.43859999999995,43.635883092783516,0.3556874504201682,1.0
463,2025-09-09 19:49:53,252.10084033613438,509.57129999999995,102.12994900000002,0.25747045966386556,1.0
464,2025-09-10 19:49:53,596.6386554621848,475.29617,20.337684183098588,0.12134248546218485,1.0
465,2025-09-11 19:49:53,50.420168067226896,481.71641999999997,855.4042329999997,0.4312962519327731,1.0
466,2025-09-12 19:49:53,974.7899159663864,383.05667,60.703669198275854,0.5917332459663864,1.0
467,2025-09-13 19:49:53,487.3949579831932,328.252,32.6517448275862,0.15914295798319322,1.0
468,2025-09-14 19:49:53,630.2521008403362,493.2973,21.730161733333343,0.13695480084033623,1.0
469,2025-09-15 19:49:53,327.7310924369748,503.86660000000006,53.74391128205129,0.17613550756302526,1.0
470,2025-09-16 19:49:53,588.2352941176471,498.19276,15.307230800000001,0.09004253411764707,1.0
471,2025-09-17 19:49:53,50.420168067226896,385.55843,664.6908861666666,0.33513826193277313,1.0
472,2025-09-18 19:49:53,731.0924369747898,468.90447,35.86249203448275,0.26218796697478985,1.0
473,2025-09-19 19:49:53,823.529411764706,443.94806,46.09202128571429,0.379581351764706,1.0
474,2025-09-20 19:49:53,941.1764705882354,460.53705,51.067938437500004,0.4806394205882354,1.0
475,2025-09-21 19:49:53,285.7142857142857,440.00933,54.0032655,0.15429504428571428,1.0
476,2025-09-22 19:49:53,134.4537815126051,383.00836,184.8624677499999,0.2485545784873949,1.0
477,2025-09-23 19:49:53,369.74789915966375,580.5876,57.02255545454549,0.2108397008403362,1.0
478,2025-09-24 19:49:53,25.210084033613402,485.50457,1825.834794333337,0.4602944859663866,1.0
479,2025-09-25 19:49:53,983.1932773109245,463.2459,52.88353666666667,0.5199473773109244,1.0
480,2025-09-26 19:49:53,915.9663865546219,517.7330999999999,43.47684504587156,0.39823328655462187,1.0
481,2025-09-27 19:49:53,621.8487394957982,534.4292499999999,14.057998986486478,0.08741948949579825,1.0
482,2025-09-28 19:49:53,563.0252100840337,542.2853,3.6836556716418154,0.020739910084033752,1.0
483,2025-09-29 19:49:53,731.0924369747898,469.77288,35.74370951724137,0.26131955697478987,1.0
484,2025-09-30 19:49:53,168.0672268907563,419.02366,149.31907770000007,0.25095643310924376,1.0
485,2025-10-01 19:49:53,487.3949579831932,575.70964,18.11973648275864,0.08831468201680681,1.0
486,2025-10-02 19:49:53,0.0,604.914,0.0,0.604914,1.0
487,2025-10-03 19:49:53,386.5546218487395,445.34823,15.209650804347824,0.0587936081512605,1.0
488,2025-10-04 19:49:53,831.9327731092437,389.49012999999997,53.182499525252524,0.44244264310924375,1.0
489,2025-10-05 19:49:53,369.74789915966375,569.1328599999999,53.924568954545485,0.1993849608403362,1.0
490,2025-10-06 19:49:53,840.3361344537815,499.48817,40.56090777,0.3408479644537815,1.0
491,2025-10-07 19:49:53,126.05042016806719,582.6732999999999,362.2541513333334,0.4566228798319327,1.0
492,2025-10-08 19:49:53,445.3781512605043,503.52739999999994,13.056152075471667,0.058149248739495674,1.0
493,2025-10-09 19:49:53,386.5546218487395,503.74640000000005,30.317003478260872,0.11719177815126053,1.0
494,2025-10-10 19:49:53,621.8487394957982,546.311,12.147285135135121,0.07553773949579823,1.0
495,2025-10-11 19:49:53,915.9663865546219,483.0197,47.266656605504586,0.4329466865546218,1.0
496,2025-10-12 19:49:53,672.2689075630252,485.97255,27.711583187499993,0.18629635756302515,1.0
497,2025-10-13 19:49:53,126.05042016806719,505.9498,301.38684133333345,0.3798993798319328,1.0
498,2025-10-14 19:49:53,899.1596638655462,451.23452,49.81597394392524,0.44792514386554627,1.0
499,2025-10-15 19:49:53,201.68067226890759,453.21897,124.72107262499993,0.2515382977310924,1.0
500,2025-10-16 19:49:53,201.68067226890759,542.0285,168.7557979166666,0.3403478277310924,1.0
501,2025-10-17 19:49:53,235.29411764705878,502.8866,113.72680500000003,0.2675924823529412,1.0
502,2025-10-18 19:49:53,235.29411764705878,470.3766,99.91005500000001,0.23508248235294119,1.0
503,2025-10-19 19:49:53,756.3025210084035,448.59137999999996,40.686250866666676,0.30771114100840347,1.0
